[
	{
		"text": "program",
		"category":"software"
	},
	{
		"text": "power supply",
		"category":"hardware"
	},
	{
		"text": "drive",
		"category":"hardware"
	},
	{
		"text": "it needs more memory",
		"category":"hardware"
	},
	{
		"text": "code",
		"category":"software"
	},
	{
		"text": "i found some bugs in the code",
		"category":"software"
	},
	{
		"text": "i swapped the memory",
		"category":"hardware"
	},
	{
		"text": "i tested the code",
		"category":"software"
	},
	{
		"text": "keyboard",
		"category":"hardware"
	}
]